; ISO 3166-2:IT
; Source: https://www.iso.org/obp/ui/#iso:code:3166:IT
;    and: https://en.wikipedia.org/wiki/ISO_3166-2:IT
;    and: https://en.wikipedia.org/wiki/Regions_of_Italy
; Extracted on: 20170331
; 
; Subdivision category	3166-2 code	Subdivision name	Language code	Romanization system	Parent subdivision
province	IT-AG	Agrigento	it		IT-82
province	IT-AL	Alessandria	it		IT-21
province	IT-AN	Ancona	it		IT-57
province	IT-AO	Aosta	it		IT-23
province	IT-AO	Aoste	fr		IT-23
province	IT-AR	Arezzo	it		IT-52
province	IT-AP	Ascoli Piceno	it		IT-57
province	IT-AT	Asti	it		IT-21
province	IT-AV	Avellino	it		IT-72
province	IT-BA	Bari	it		IT-75
province	IT-BT	Barletta-Andria-Trani	it		IT-75
province	IT-BL	Belluno	it		IT-34
province	IT-BN	Benevento	it		IT-72
province	IT-BG	Bergamo	it		IT-25
province	IT-BI	Biella	it		IT-21
province	IT-BO	Bologna	it		IT-45
province	IT-BZ	Bolzano	it		IT-32
province	IT-BZ	Bozen	de		IT-32
province	IT-BS	Brescia	it		IT-25
province	IT-BR	Brindisi	it		IT-75
province	IT-CA	Cagliari	it		IT-88
province	IT-CL	Caltanissetta	it		IT-82
province	IT-CB	Campobasso	it		IT-67
province	IT-CI*	Carbonia-Iglesias	it		IT-88
province	IT-CE	Caserta	it		IT-72
province	IT-CT	Catania	it		IT-82
province	IT-CZ	Catanzaro	it		IT-78
province	IT-CH	Chieti	it		IT-65
province	IT-CO	Como	it		IT-25
province	IT-CS	Cosenza	it		IT-78
province	IT-CR	Cremona	it		IT-25
province	IT-KR	Crotone	it		IT-78
province	IT-CN	Cuneo	it		IT-21
province	IT-EN	Enna	it		IT-82
province	IT-FM	Fermo	it		IT-57
province	IT-FE	Ferrara	it		IT-45
province	IT-FI	Firenze	it		IT-52
province	IT-FG	Foggia	it		IT-75
province	IT-FC*	Forlì-Cesena	it		IT-45
province	IT-FR	Frosinone	it		IT-62
province	IT-GE	Genova	it		IT-42
province	IT-GO	Gorizia	it		IT-36
province	IT-GR	Grosseto	it		IT-52
province	IT-IM	Imperia	it		IT-42
province	IT-IS	Isernia	it		IT-67
province	IT-AQ	L'Aquila	it		IT-65
province	IT-SP	La Spezia	it		IT-42
province	IT-LT	Latina	it		IT-62
province	IT-LE	Lecce	it		IT-75
province	IT-LC	Lecco	it		IT-25
province	IT-LI	Livorno	it		IT-52
province	IT-LO	Lodi	it		IT-25
province	IT-LU	Lucca	it		IT-52
province	IT-MC	Macerata	it		IT-57
province	IT-MN	Mantova	it		IT-25
province	IT-MS	Massa-Carrara	it		IT-52
province	IT-MT	Matera	it		IT-77
province	IT-VS	Medio Campidano	it		IT-88
province	IT-ME	Messina	it		IT-82
province	IT-MI	Milano	it		IT-25
province	IT-MO	Modena	it		IT-45
province	IT-MB	Monza e Brianza	it		IT-25
province	IT-NA	Napoli	it		IT-72
province	IT-NO	Novara	it		IT-21
province	IT-NU	Nuoro	it		IT-88
province	IT-OG*	Ogliastra	it		IT-88
province	IT-OT	Olbia-Tempio	it		IT-88
province	IT-OR	Oristano	it		IT-88
province	IT-PD	Padova	it		IT-34
province	IT-PA	Palermo	it		IT-82
province	IT-PR	Parma	it		IT-45
province	IT-PV	Pavia	it		IT-25
province	IT-PG	Perugia	it		IT-55
province	IT-PU	Pesaro e Urbino	it		IT-57
province	IT-PE	Pescara	it		IT-65
province	IT-PC	Piacenza	it		IT-45
province	IT-PI	Pisa	it		IT-52
province	IT-PT	Pistoia	it		IT-52
province	IT-PN	Pordenone	it		IT-36
province	IT-PZ	Potenza	it		IT-77
province	IT-PO	Prato	it		IT-52
province	IT-RG	Ragusa	it		IT-82
province	IT-RA	Ravenna	it		IT-45
province	IT-RC	Reggio Calabria	it		IT-78
province	IT-RE	Reggio Emilia	it		IT-45
province	IT-RI	Rieti	it		IT-62
province	IT-RN	Rimini	it		IT-45
province	IT-RM	Roma	it		IT-62
province	IT-RO	Rovigo	it		IT-34
province	IT-SA	Salerno	it		IT-72
province	IT-SS	Sassari	it		IT-88
province	IT-SV	Savona	it		IT-42
province	IT-SI	Siena	it		IT-52
province	IT-SR	Siracusa	it		IT-82
province	IT-SO	Sondrio	it		IT-25
province	IT-TA	Taranto	it		IT-75
province	IT-TE	Teramo	it		IT-65
province	IT-TR	Terni	it		IT-55
province	IT-TO	Torino	it		IT-21
province	IT-TP	Trapani	it		IT-82
province	IT-TN	Trento	it		IT-32
province	IT-TV	Treviso	it		IT-34
province	IT-TS	Trieste	it		IT-36
province	IT-UD	Udine	it		IT-36
province	IT-VA	Varese	it		IT-25
province	IT-VE	Venezia	it		IT-34
province	IT-VB	Verbano-Cusio-Ossola	it		IT-21
province	IT-VC	Vercelli	it		IT-21
province	IT-VR	Verona	it		IT-34
province	IT-VV	Vibo Valentia	it		IT-78
province	IT-VI	Vicenza	it		IT-34
province	IT-VT	Viterbo	it		IT-62
region	IT-65	Abruzzo	it		
region	IT-77	Basilicata	it		
region	IT-78	Calabria	it		
region	IT-72	Campania	it		
region	IT-45	Emilia-Romagna	it		
region	IT-36	Friuli-Venezia Giulia	it		
region	IT-62	Lazio	it		
region	IT-42	Liguria	it		
region	IT-25	Lombardia	it		
region	IT-25	Lombardy	en		
region	IT-57	Marche	it		
region	IT-67	Molise	it		
region	IT-21	Piemonte	it		
region	IT-21	Piedmont	en		
region	IT-75	Puglia	it		
region	IT-75	Apulia	en		
region	IT-88	Sardegna	it		
region	IT-88	Sardinia	en		
region	IT-82	Sicilia	it		
region	IT-82	Sicily	en		
region	IT-52	Toscana	it		
region	IT-52	Tuscany	en		
region	IT-32	Trentino-Alto Adige	it		
region	IT-32	Trentino-Südtirol	de		
region	IT-32	Trentino-South Tyrol	en		
region	IT-55	Umbria	it		
region	IT-23	Val d'Aoste	fr		
region	IT-23	Valle d'Aosta	it		
region	IT-34	Veneto	it		
